n,density,representation,trial,time_s
20,0.01,list,1,0.000034400
20,0.01,matrix,1,0.000046800
20,0.01,list,2,0.000031000
20,0.01,matrix,2,0.000041600
20,0.01,list,3,0.000030300
20,0.01,matrix,3,0.000044600
20,0.01,list,4,0.000027600
20,0.01,matrix,4,0.000038100
20,0.01,list,5,0.000024500
20,0.01,matrix,5,0.000048500
20,0.01,list,6,0.000023700
20,0.01,matrix,6,0.000080700
20,0.01,list,7,0.000050900
20,0.01,matrix,7,0.000046600
20,0.01,list,8,0.000031700
20,0.01,matrix,8,0.000044900
20,0.01,list,9,0.000126700
20,0.01,matrix,9,0.000086800
20,0.01,list,10,0.000049100
20,0.01,matrix,10,0.000057400
20,0.01,list,11,0.000032700
20,0.01,matrix,11,0.000056100
20,0.01,list,12,0.000035100
20,0.01,matrix,12,0.000049200
20,0.01,list,13,0.000029500
20,0.01,matrix,13,0.000042800
20,0.01,list,14,0.000033900
20,0.01,matrix,14,0.000043500
20,0.01,list,15,0.000025700
20,0.01,matrix,15,0.000043000
20,0.01,list,16,0.000033900
20,0.01,matrix,16,0.000043700
20,0.01,list,17,0.000030300
20,0.01,matrix,17,0.000042700
20,0.01,list,18,0.000025200
20,0.01,matrix,18,0.000045900
20,0.01,list,19,0.000024600
20,0.01,matrix,19,0.000051500
20,0.01,list,20,0.000026600
20,0.01,matrix,20,0.000045600
20,0.05,list,1,0.000030900
20,0.05,matrix,1,0.000056400
20,0.05,list,2,0.000026400
20,0.05,matrix,2,0.000037600
20,0.05,list,3,0.000026200
20,0.05,matrix,3,0.000050000
20,0.05,list,4,0.000024900
20,0.05,matrix,4,0.000046400
20,0.05,list,5,0.000027900
20,0.05,matrix,5,0.000039500
20,0.05,list,6,0.000026800
20,0.05,matrix,6,0.000044400
20,0.05,list,7,0.000024600
20,0.05,matrix,7,0.000033400
20,0.05,list,8,0.000027200
20,0.05,matrix,8,0.000038700
20,0.05,list,9,0.000033100
20,0.05,matrix,9,0.000042000
20,0.05,list,10,0.000030200
20,0.05,matrix,10,0.000045700
20,0.05,list,11,0.000027500
20,0.05,matrix,11,0.000039500
20,0.05,list,12,0.000024900
20,0.05,matrix,12,0.000036300
20,0.05,list,13,0.000024200
20,0.05,matrix,13,0.000034400
20,0.05,list,14,0.000025500
20,0.05,matrix,14,0.000039600
20,0.05,list,15,0.000021900
20,0.05,matrix,15,0.000036200
20,0.05,list,16,0.000031400
20,0.05,matrix,16,0.000036400
20,0.05,list,17,0.000028000
20,0.05,matrix,17,0.000107100
20,0.05,list,18,0.000036600
20,0.05,matrix,18,0.000055200
20,0.05,list,19,0.000028600
20,0.05,matrix,19,0.000053700
20,0.05,list,20,0.000037200
20,0.05,matrix,20,0.000045000
20,0.1,list,1,0.000028600
20,0.1,matrix,1,0.000035700
20,0.1,list,2,0.000028900
20,0.1,matrix,2,0.000038400
20,0.1,list,3,0.000031100
20,0.1,matrix,3,0.000038900
20,0.1,list,4,0.000028200
20,0.1,matrix,4,0.000042400
20,0.1,list,5,0.000026700
20,0.1,matrix,5,0.000046700
20,0.1,list,6,0.000033000
20,0.1,matrix,6,0.000034600
20,0.1,list,7,0.000026700
20,0.1,matrix,7,0.000044600
20,0.1,list,8,0.000028400
20,0.1,matrix,8,0.000036400
20,0.1,list,9,0.000026700
20,0.1,matrix,9,0.000037200
20,0.1,list,10,0.000027100
20,0.1,matrix,10,0.000037300
20,0.1,list,11,0.000035500
20,0.1,matrix,11,0.000036000
20,0.1,list,12,0.000029600
20,0.1,matrix,12,0.000036400
20,0.1,list,13,0.000026800
20,0.1,matrix,13,0.000031800
20,0.1,list,14,0.000024600
20,0.1,matrix,14,0.000032200
20,0.1,list,15,0.000023200
20,0.1,matrix,15,0.000032900
20,0.1,list,16,0.000036300
20,0.1,matrix,16,0.000041900
20,0.1,list,17,0.000031200
20,0.1,matrix,17,0.000064300
20,0.1,list,18,0.000025300
20,0.1,matrix,18,0.000030900
20,0.1,list,19,0.000025600
20,0.1,matrix,19,0.000030300
20,0.1,list,20,0.000027500
20,0.1,matrix,20,0.000032000
20,0.2,list,1,0.000023700
20,0.2,matrix,1,0.000025800
20,0.2,list,2,0.000022400
20,0.2,matrix,2,0.000040600
20,0.2,list,3,0.000024500
20,0.2,matrix,3,0.000025300
20,0.2,list,4,0.000023100
20,0.2,matrix,4,0.000030300
20,0.2,list,5,0.000024700
20,0.2,matrix,5,0.000024800
20,0.2,list,6,0.000031700
20,0.2,matrix,6,0.000028700
20,0.2,list,7,0.000026400
20,0.2,matrix,7,0.000026800
20,0.2,list,8,0.000026800
20,0.2,matrix,8,0.000026000
20,0.2,list,9,0.000021900
20,0.2,matrix,9,0.000025600
20,0.2,list,10,0.000025400
20,0.2,matrix,10,0.000026400
20,0.2,list,11,0.000028000
20,0.2,matrix,11,0.000032200
20,0.2,list,12,0.000045300
20,0.2,matrix,12,0.000026100
20,0.2,list,13,0.000029100
20,0.2,matrix,13,0.000025500
20,0.2,list,14,0.000037800
20,0.2,matrix,14,0.000025500
20,0.2,list,15,0.000027400
20,0.2,matrix,15,0.000029200
20,0.2,list,16,0.000025300
20,0.2,matrix,16,0.000030700
20,0.2,list,17,0.000025600
20,0.2,matrix,17,0.000024900
20,0.2,list,18,0.000024100
20,0.2,matrix,18,0.000027100
20,0.2,list,19,0.000024400
20,0.2,matrix,19,0.000030400
20,0.2,list,20,0.000027100
20,0.2,matrix,20,0.000029900
20,0.5,list,1,0.000033800
20,0.5,matrix,1,0.000039100
20,0.5,list,2,0.000034200
20,0.5,matrix,2,0.000033300
20,0.5,list,3,0.000033600
20,0.5,matrix,3,0.000034000
20,0.5,list,4,0.000040500
20,0.5,matrix,4,0.000030400
20,0.5,list,5,0.000034500
20,0.5,matrix,5,0.000029700
20,0.5,list,6,0.000033600
20,0.5,matrix,6,0.000029700
20,0.5,list,7,0.000034600
20,0.5,matrix,7,0.000038000
20,0.5,list,8,0.000028500
20,0.5,matrix,8,0.000053500
20,0.5,list,9,0.000035300
20,0.5,matrix,9,0.000032000
20,0.5,list,10,0.000034500
20,0.5,matrix,10,0.000031800
20,0.5,list,11,0.000031700
20,0.5,matrix,11,0.000029500
20,0.5,list,12,0.000030700
20,0.5,matrix,12,0.000034300
20,0.5,list,13,0.000034800
20,0.5,matrix,13,0.000032400
20,0.5,list,14,0.000034700
20,0.5,matrix,14,0.000034300
20,0.5,list,15,0.000031000
20,0.5,matrix,15,0.000035300
20,0.5,list,16,0.000033200
20,0.5,matrix,16,0.000029900
20,0.5,list,17,0.000033800
20,0.5,matrix,17,0.000033500
20,0.5,list,18,0.000047400
20,0.5,matrix,18,0.000030700
20,0.5,list,19,0.000031600
20,0.5,matrix,19,0.000029800
20,0.5,list,20,0.000034000
20,0.5,matrix,20,0.000032700
40,0.01,list,1,0.000048200
40,0.01,matrix,1,0.000098600
40,0.01,list,2,0.000029000
40,0.01,matrix,2,0.000100300
40,0.01,list,3,0.000031700
40,0.01,matrix,3,0.000095800
40,0.01,list,4,0.000030400
40,0.01,matrix,4,0.000105400
40,0.01,list,5,0.000037100
40,0.01,matrix,5,0.000208600
40,0.01,list,6,0.000043400
40,0.01,matrix,6,0.000178600
40,0.01,list,7,0.000050400
40,0.01,matrix,7,0.000112700
40,0.01,list,8,0.000035000
40,0.01,matrix,8,0.000112400
40,0.01,list,9,0.000034000
40,0.01,matrix,9,0.000108700
40,0.01,list,10,0.000030700
40,0.01,matrix,10,0.000100400
40,0.01,list,11,0.000035600
40,0.01,matrix,11,0.000095500
40,0.01,list,12,0.000034100
40,0.01,matrix,12,0.000100200
40,0.01,list,13,0.000029900
40,0.01,matrix,13,0.000098700
40,0.01,list,14,0.000034700
40,0.01,matrix,14,0.000096400
40,0.01,list,15,0.000033500
40,0.01,matrix,15,0.000305100
40,0.01,list,16,0.000033000
40,0.01,matrix,16,0.000100200
40,0.01,list,17,0.000030700
40,0.01,matrix,17,0.000097500
40,0.01,list,18,0.000032900
40,0.01,matrix,18,0.000098500
40,0.01,list,19,0.000058500
40,0.01,matrix,19,0.000199100
40,0.01,list,20,0.000029700
40,0.01,matrix,20,0.000100400
40,0.05,list,1,0.000029000
40,0.05,matrix,1,0.000071300
40,0.05,list,2,0.000048900
40,0.05,matrix,2,0.000071000
40,0.05,list,3,0.000033100
40,0.05,matrix,3,0.000075600
40,0.05,list,4,0.000036000
40,0.05,matrix,4,0.000076200
40,0.05,list,5,0.000060400
40,0.05,matrix,5,0.000065700
40,0.05,list,6,0.000032400
40,0.05,matrix,6,0.000071500
40,0.05,list,7,0.000036300
40,0.05,matrix,7,0.000086000
40,0.05,list,8,0.000032900
40,0.05,matrix,8,0.000092600
40,0.05,list,9,0.000032500
40,0.05,matrix,9,0.000066600
40,0.05,list,10,0.000029400
40,0.05,matrix,10,0.000193600
40,0.05,list,11,0.000034400
40,0.05,matrix,11,0.000063500
40,0.05,list,12,0.000034900
40,0.05,matrix,12,0.000077200
40,0.05,list,13,0.000035200
40,0.05,matrix,13,0.000081600
40,0.05,list,14,0.000046400
40,0.05,matrix,14,0.000064800
40,0.05,list,15,0.000031900
40,0.05,matrix,15,0.000089900
40,0.05,list,16,0.000033000
40,0.05,matrix,16,0.000127600
40,0.05,list,17,0.000034500
40,0.05,matrix,17,0.000079100
40,0.05,list,18,0.000052800
40,0.05,matrix,18,0.000063600
40,0.05,list,19,0.000034600
40,0.05,matrix,19,0.000063400
40,0.05,list,20,0.000035800
40,0.05,matrix,20,0.000078500
40,0.1,list,1,0.000034000
40,0.1,matrix,1,0.000068600
40,0.1,list,2,0.000030500
40,0.1,matrix,2,0.000060000
40,0.1,list,3,0.000047400
40,0.1,matrix,3,0.000058400
40,0.1,list,4,0.000041200
40,0.1,matrix,4,0.000066600
40,0.1,list,5,0.000034300
40,0.1,matrix,5,0.000066700
40,0.1,list,6,0.000042500
40,0.1,matrix,6,0.000065500
40,0.1,list,7,0.000036000
40,0.1,matrix,7,0.000070400
40,0.1,list,8,0.000036100
40,0.1,matrix,8,0.000059100
40,0.1,list,9,0.000032900
40,0.1,matrix,9,0.000060800
40,0.1,list,10,0.000031700
40,0.1,matrix,10,0.000062000
40,0.1,list,11,0.000032800
40,0.1,matrix,11,0.000062300
40,0.1,list,12,0.000036700
40,0.1,matrix,12,0.000063500
40,0.1,list,13,0.000034700
40,0.1,matrix,13,0.000093100
40,0.1,list,14,0.000031200
40,0.1,matrix,14,0.000059500
40,0.1,list,15,0.000032700
40,0.1,matrix,15,0.000058100
40,0.1,list,16,0.000036900
40,0.1,matrix,16,0.000180500
40,0.1,list,17,0.000034700
40,0.1,matrix,17,0.000070100
40,0.1,list,18,0.000052800
40,0.1,matrix,18,0.000076300
40,0.1,list,19,0.000037700
40,0.1,matrix,19,0.000068000
40,0.1,list,20,0.000042600
40,0.1,matrix,20,0.000109600
40,0.2,list,1,0.000042300
40,0.2,matrix,1,0.000060600
40,0.2,list,2,0.000037400
40,0.2,matrix,2,0.000062900
40,0.2,list,3,0.000049600
40,0.2,matrix,3,0.000066600
40,0.2,list,4,0.000068300
40,0.2,matrix,4,0.000069000
40,0.2,list,5,0.000045100
40,0.2,matrix,5,0.000068800
40,0.2,list,6,0.000043500
40,0.2,matrix,6,0.000080600
40,0.2,list,7,0.000111900
40,0.2,matrix,7,0.000068600
40,0.2,list,8,0.000043800
40,0.2,matrix,8,0.000062500
40,0.2,list,9,0.000042600
40,0.2,matrix,9,0.000068400
40,0.2,list,10,0.000064500
40,0.2,matrix,10,0.000094900
40,0.2,list,11,0.000067000
40,0.2,matrix,11,0.000213800
40,0.2,list,12,0.000069600
40,0.2,matrix,12,0.000126400
40,0.2,list,13,0.000067600
40,0.2,matrix,13,0.000144300
40,0.2,list,14,0.000082300
40,0.2,matrix,14,0.000129300
40,0.2,list,15,0.000078300
40,0.2,matrix,15,0.000106300
40,0.2,list,16,0.000048800
40,0.2,matrix,16,0.000067700
40,0.2,list,17,0.000045100
40,0.2,matrix,17,0.000067800
40,0.2,list,18,0.000060400
40,0.2,matrix,18,0.000065900
40,0.2,list,19,0.000055300
40,0.2,matrix,19,0.000158700
40,0.2,list,20,0.000044800
40,0.2,matrix,20,0.000116600
40,0.5,list,1,0.000072700
40,0.5,matrix,1,0.000067100
40,0.5,list,2,0.000066400
40,0.5,matrix,2,0.000080000
40,0.5,list,3,0.000067400
40,0.5,matrix,3,0.000072100
40,0.5,list,4,0.000074500
40,0.5,matrix,4,0.000080100
40,0.5,list,5,0.000072100
40,0.5,matrix,5,0.000075100
40,0.5,list,6,0.000081600
40,0.5,matrix,6,0.000069400
40,0.5,list,7,0.000075900
40,0.5,matrix,7,0.000163100
40,0.5,list,8,0.000349000
40,0.5,matrix,8,0.000092200
40,0.5,list,9,0.000165800
40,0.5,matrix,9,0.000075900
40,0.5,list,10,0.000073300
40,0.5,matrix,10,0.000085500
40,0.5,list,11,0.000066600
40,0.5,matrix,11,0.000083000
40,0.5,list,12,0.000076000
40,0.5,matrix,12,0.000070400
40,0.5,list,13,0.000076400
40,0.5,matrix,13,0.000070700
40,0.5,list,14,0.000097000
40,0.5,matrix,14,0.000066800
40,0.5,list,15,0.000069700
40,0.5,matrix,15,0.000068800
40,0.5,list,16,0.000081700
40,0.5,matrix,16,0.000073900
40,0.5,list,17,0.000077300
40,0.5,matrix,17,0.000094400
40,0.5,list,18,0.000079400
40,0.5,matrix,18,0.000095700
40,0.5,list,19,0.000091400
40,0.5,matrix,19,0.000097400
40,0.5,list,20,0.000074500
40,0.5,matrix,20,0.000077600
60,0.01,list,1,0.000053900
60,0.01,matrix,1,0.000230800
60,0.01,list,2,0.000044600
60,0.01,matrix,2,0.000256200
60,0.01,list,3,0.000047900
60,0.01,matrix,3,0.000234700
60,0.01,list,4,0.000039500
60,0.01,matrix,4,0.000412600
60,0.01,list,5,0.000043800
60,0.01,matrix,5,0.000257300
60,0.01,list,6,0.000042100
60,0.01,matrix,6,0.000265300
60,0.01,list,7,0.000041600
60,0.01,matrix,7,0.000214100
60,0.01,list,8,0.000038400
60,0.01,matrix,8,0.000195900
60,0.01,list,9,0.000043300
60,0.01,matrix,9,0.000213900
60,0.01,list,10,0.000038900
60,0.01,matrix,10,0.000194300
60,0.01,list,11,0.000049500
60,0.01,matrix,11,0.000209300
60,0.01,list,12,0.000042700
60,0.01,matrix,12,0.000222500
60,0.01,list,13,0.000044200
60,0.01,matrix,13,0.000399800
60,0.01,list,14,0.000038700
60,0.01,matrix,14,0.000458300
60,0.01,list,15,0.000042900
60,0.01,matrix,15,0.000328900
60,0.01,list,16,0.000062700
60,0.01,matrix,16,0.000244000
60,0.01,list,17,0.000039200
60,0.01,matrix,17,0.000258700
60,0.01,list,18,0.000059900
60,0.01,matrix,18,0.000313000
60,0.01,list,19,0.000042100
60,0.01,matrix,19,0.000218300
60,0.01,list,20,0.000043600
60,0.01,matrix,20,0.000194200
60,0.05,list,1,0.000049800
60,0.05,matrix,1,0.000121600
60,0.05,list,2,0.000040100
60,0.05,matrix,2,0.000115700
60,0.05,list,3,0.000041600
60,0.05,matrix,3,0.000138300
60,0.05,list,4,0.000044000
60,0.05,matrix,4,0.000182500
60,0.05,list,5,0.000049200
60,0.05,matrix,5,0.000126500
60,0.05,list,6,0.000040200
60,0.05,matrix,6,0.000113000
60,0.05,list,7,0.000042900
60,0.05,matrix,7,0.000156100
60,0.05,list,8,0.000044600
60,0.05,matrix,8,0.000124700
60,0.05,list,9,0.000045300
60,0.05,matrix,9,0.000150800
60,0.05,list,10,0.000040300
60,0.05,matrix,10,0.000107500
60,0.05,list,11,0.000041100
60,0.05,matrix,11,0.000280600
60,0.05,list,12,0.000043400
60,0.05,matrix,12,0.000118600
60,0.05,list,13,0.000042200
60,0.05,matrix,13,0.000129900
60,0.05,list,14,0.000044400
60,0.05,matrix,14,0.000131600
60,0.05,list,15,0.000044000
60,0.05,matrix,15,0.000167100
60,0.05,list,16,0.000042900
60,0.05,matrix,16,0.000131900
60,0.05,list,17,0.000042400
60,0.05,matrix,17,0.000136500
60,0.05,list,18,0.000042200
60,0.05,matrix,18,0.000134900
60,0.05,list,19,0.000038800
60,0.05,matrix,19,0.000134600
60,0.05,list,20,0.000040300
60,0.05,matrix,20,0.000114700
60,0.1,list,1,0.000048900
60,0.1,matrix,1,0.000156100
60,0.1,list,2,0.000054300
60,0.1,matrix,2,0.000617700
60,0.1,list,3,0.000059700
60,0.1,matrix,3,0.000126700
60,0.1,list,4,0.000057900
60,0.1,matrix,4,0.000125800
60,0.1,list,5,0.000052800
60,0.1,matrix,5,0.000123800
60,0.1,list,6,0.000051600
60,0.1,matrix,6,0.000116000
60,0.1,list,7,0.000049200
60,0.1,matrix,7,0.000126100
60,0.1,list,8,0.000060300
60,0.1,matrix,8,0.000107500
60,0.1,list,9,0.000045700
60,0.1,matrix,9,0.000123100
60,0.1,list,10,0.000052500
60,0.1,matrix,10,0.000151400
60,0.1,list,11,0.000049500
60,0.1,matrix,11,0.000124400
60,0.1,list,12,0.000069300
60,0.1,matrix,12,0.000129600
60,0.1,list,13,0.000055500
60,0.1,matrix,13,0.000103700
60,0.1,list,14,0.000056100
60,0.1,matrix,14,0.000131500
60,0.1,list,15,0.000051100
60,0.1,matrix,15,0.000108100
60,0.1,list,16,0.000046700
60,0.1,matrix,16,0.000107100
60,0.1,list,17,0.000046600
60,0.1,matrix,17,0.000123000
60,0.1,list,18,0.000049900
60,0.1,matrix,18,0.000124700
60,0.1,list,19,0.000165500
60,0.1,matrix,19,0.000116900
60,0.1,list,20,0.000052400
60,0.1,matrix,20,0.000148100
60,0.2,list,1,0.000083800
60,0.2,matrix,1,0.000239500
60,0.2,list,2,0.000096900
60,0.2,matrix,2,0.000150600
60,0.2,list,3,0.000097100
60,0.2,matrix,3,0.000136600
60,0.2,list,4,0.000081700
60,0.2,matrix,4,0.000129800
60,0.2,list,5,0.000073300
60,0.2,matrix,5,0.000178500
60,0.2,list,6,0.000109200
60,0.2,matrix,6,0.000212700
60,0.2,list,7,0.000079200
60,0.2,matrix,7,0.000160200
60,0.2,list,8,0.000087900
60,0.2,matrix,8,0.000130600
60,0.2,list,9,0.000072800
60,0.2,matrix,9,0.000169300
60,0.2,list,10,0.000112200
60,0.2,matrix,10,0.000216700
60,0.2,list,11,0.000101700
60,0.2,matrix,11,0.000134400
60,0.2,list,12,0.000074500
60,0.2,matrix,12,0.000133000
60,0.2,list,13,0.000093900
60,0.2,matrix,13,0.000189700
60,0.2,list,14,0.000074800
60,0.2,matrix,14,0.000130800
60,0.2,list,15,0.000073600
60,0.2,matrix,15,0.000133200
60,0.2,list,16,0.000074200
60,0.2,matrix,16,0.000125300
60,0.2,list,17,0.000074100
60,0.2,matrix,17,0.000133600
60,0.2,list,18,0.000101800
60,0.2,matrix,18,0.000183500
60,0.2,list,19,0.000126900
60,0.2,matrix,19,0.000180700
60,0.2,list,20,0.000081100
60,0.2,matrix,20,0.000183000
60,0.5,list,1,0.000142600
60,0.5,matrix,1,0.000232200
60,0.5,list,2,0.000140600
60,0.5,matrix,2,0.000153200
60,0.5,list,3,0.000143000
60,0.5,matrix,3,0.000157300
60,0.5,list,4,0.000143300
60,0.5,matrix,4,0.000147000
60,0.5,list,5,0.000142700
60,0.5,matrix,5,0.000204500
60,0.5,list,6,0.000195400
60,0.5,matrix,6,0.000245900
60,0.5,list,7,0.000197700
60,0.5,matrix,7,0.000148600
60,0.5,list,8,0.000169100
60,0.5,matrix,8,0.000190600
60,0.5,list,9,0.000189400
60,0.5,matrix,9,0.000319200
60,0.5,list,10,0.000140700
60,0.5,matrix,10,0.000168200
60,0.5,list,11,0.000139600
60,0.5,matrix,11,0.000152900
60,0.5,list,12,0.000151700
60,0.5,matrix,12,0.000175600
60,0.5,list,13,0.000149500
60,0.5,matrix,13,0.000168500
60,0.5,list,14,0.000211100
60,0.5,matrix,14,0.000256400
60,0.5,list,15,0.000160400
60,0.5,matrix,15,0.000152100
60,0.5,list,16,0.000140200
60,0.5,matrix,16,0.000157200
60,0.5,list,17,0.000144000
60,0.5,matrix,17,0.000154500
60,0.5,list,18,0.000200800
60,0.5,matrix,18,0.000245700
60,0.5,list,19,0.000143900
60,0.5,matrix,19,0.000167700
60,0.5,list,20,0.000144900
60,0.5,matrix,20,0.000170800
80,0.01,list,1,0.000060100
80,0.01,matrix,1,0.000476400
80,0.01,list,2,0.000066400
80,0.01,matrix,2,0.000557600
80,0.01,list,3,0.000072200
80,0.01,matrix,3,0.000731700
80,0.01,list,4,0.000061500
80,0.01,matrix,4,0.000725500
80,0.01,list,5,0.000083900
80,0.01,matrix,5,0.000559600
80,0.01,list,6,0.000090400
80,0.01,matrix,6,0.000433400
80,0.01,list,7,0.000055900
80,0.01,matrix,7,0.000348500
80,0.01,list,8,0.000051800
80,0.01,matrix,8,0.000645000
80,0.01,list,9,0.000058700
80,0.01,matrix,9,0.000342600
80,0.01,list,10,0.000051500
80,0.01,matrix,10,0.000353900
80,0.01,list,11,0.000051800
80,0.01,matrix,11,0.000580200
80,0.01,list,12,0.000049700
80,0.01,matrix,12,0.000319000
80,0.01,list,13,0.000056100
80,0.01,matrix,13,0.000538600
80,0.01,list,14,0.000047100
80,0.01,matrix,14,0.000350800
80,0.01,list,15,0.000073400
80,0.01,matrix,15,0.000356400
80,0.01,list,16,0.000064400
80,0.01,matrix,16,0.000401800
80,0.01,list,17,0.000081000
80,0.01,matrix,17,0.000338000
80,0.01,list,18,0.000048300
80,0.01,matrix,18,0.000348700
80,0.01,list,19,0.000168800
80,0.01,matrix,19,0.000387500
80,0.01,list,20,0.000054800
80,0.01,matrix,20,0.000363800
80,0.05,list,1,0.000049100
80,0.05,matrix,1,0.000162600
80,0.05,list,2,0.000049000
80,0.05,matrix,2,0.000210900
80,0.05,list,3,0.000054000
80,0.05,matrix,3,0.000198800
80,0.05,list,4,0.000388900
80,0.05,matrix,4,0.000235300
80,0.05,list,5,0.000052500
80,0.05,matrix,5,0.000207400
80,0.05,list,6,0.000060300
80,0.05,matrix,6,0.000188900
80,0.05,list,7,0.000053500
80,0.05,matrix,7,0.000267300
80,0.05,list,8,0.000056500
80,0.05,matrix,8,0.000215400
80,0.05,list,9,0.000051200
80,0.05,matrix,9,0.000251000
80,0.05,list,10,0.000063100
80,0.05,matrix,10,0.000205900
80,0.05,list,11,0.000049400
80,0.05,matrix,11,0.000213100
80,0.05,list,12,0.000053000
80,0.05,matrix,12,0.000217000
80,0.05,list,13,0.000046100
80,0.05,matrix,13,0.000179800
80,0.05,list,14,0.000063200
80,0.05,matrix,14,0.000183100
80,0.05,list,15,0.000046500
80,0.05,matrix,15,0.000204600
80,0.05,list,16,0.000067900
80,0.05,matrix,16,0.000203200
80,0.05,list,17,0.000047600
80,0.05,matrix,17,0.000209200
80,0.05,list,18,0.000048800
80,0.05,matrix,18,0.000390500
80,0.05,list,19,0.000051700
80,0.05,matrix,19,0.000212100
80,0.05,list,20,0.000049400
80,0.05,matrix,20,0.000183400
80,0.1,list,1,0.000063600
80,0.1,matrix,1,0.000221000
80,0.1,list,2,0.000069400
80,0.1,matrix,2,0.000282600
80,0.1,list,3,0.000070700
80,0.1,matrix,3,0.000190400
80,0.1,list,4,0.000070200
80,0.1,matrix,4,0.000215500
80,0.1,list,5,0.000080000
80,0.1,matrix,5,0.000189600
80,0.1,list,6,0.000064700
80,0.1,matrix,6,0.000201500
80,0.1,list,7,0.000064400
80,0.1,matrix,7,0.000184800
80,0.1,list,8,0.000069400
80,0.1,matrix,8,0.000199600
80,0.1,list,9,0.000069400
80,0.1,matrix,9,0.000207900
80,0.1,list,10,0.000069700
80,0.1,matrix,10,0.000204300
80,0.1,list,11,0.000070700
80,0.1,matrix,11,0.000213600
80,0.1,list,12,0.000071500
80,0.1,matrix,12,0.000218900
80,0.1,list,13,0.000071000
80,0.1,matrix,13,0.000208800
80,0.1,list,14,0.000072400
80,0.1,matrix,14,0.000192500
80,0.1,list,15,0.000062200
80,0.1,matrix,15,0.000247300
80,0.1,list,16,0.000113300
80,0.1,matrix,16,0.000212000
80,0.1,list,17,0.000081700
80,0.1,matrix,17,0.000183100
80,0.1,list,18,0.000073300
80,0.1,matrix,18,0.000411200
80,0.1,list,19,0.000110900
80,0.1,matrix,19,0.000282500
80,0.1,list,20,0.000072100
80,0.1,matrix,20,0.000210300
80,0.2,list,1,0.000146400
80,0.2,matrix,1,0.000361600
80,0.2,list,2,0.000131000
80,0.2,matrix,2,0.000234300
80,0.2,list,3,0.000163400
80,0.2,matrix,3,0.000216400
80,0.2,list,4,0.000181100
80,0.2,matrix,4,0.000318800
80,0.2,list,5,0.000197400
80,0.2,matrix,5,0.000358600
80,0.2,list,6,0.000242000
80,0.2,matrix,6,0.000340900
80,0.2,list,7,0.000113900
80,0.2,matrix,7,0.000714200
80,0.2,list,8,0.000106600
80,0.2,matrix,8,0.000220600
80,0.2,list,9,0.000118000
80,0.2,matrix,9,0.000211300
80,0.2,list,10,0.000112500
80,0.2,matrix,10,0.000334300
80,0.2,list,11,0.000111800
80,0.2,matrix,11,0.000223100
80,0.2,list,12,0.000111100
80,0.2,matrix,12,0.000218900
80,0.2,list,13,0.000153500
80,0.2,matrix,13,0.000373500
80,0.2,list,14,0.000206200
80,0.2,matrix,14,0.000305100
80,0.2,list,15,0.000208600
80,0.2,matrix,15,0.000311900
80,0.2,list,16,0.000125300
80,0.2,matrix,16,0.000227300
80,0.2,list,17,0.000118000
80,0.2,matrix,17,0.000215400
80,0.2,list,18,0.000112700
80,0.2,matrix,18,0.000210400
80,0.2,list,19,0.000113400
80,0.2,matrix,19,0.000211200
80,0.2,list,20,0.000109400
80,0.2,matrix,20,0.000217600
80,0.5,list,1,0.000231500
80,0.5,matrix,1,0.000260600
80,0.5,list,2,0.000222800
80,0.5,matrix,2,0.000265500
80,0.5,list,3,0.000311900
80,0.5,matrix,3,0.000263600
80,0.5,list,4,0.000296000
80,0.5,matrix,4,0.000303800
80,0.5,list,5,0.000394800
80,0.5,matrix,5,0.000302400
80,0.5,list,6,0.000238800
80,0.5,matrix,6,0.000261600
80,0.5,list,7,0.000230800
80,0.5,matrix,7,0.000253000
80,0.5,list,8,0.000279200
80,0.5,matrix,8,0.000276900
80,0.5,list,9,0.000467300
80,0.5,matrix,9,0.000249300
80,0.5,list,10,0.000237200
80,0.5,matrix,10,0.000545000
80,0.5,list,11,0.000318700
80,0.5,matrix,11,0.000263500
80,0.5,list,12,0.000234100
80,0.5,matrix,12,0.000260300
80,0.5,list,13,0.000225600
80,0.5,matrix,13,0.000254300
80,0.5,list,14,0.000358400
80,0.5,matrix,14,0.000406300
80,0.5,list,15,0.000723500
80,0.5,matrix,15,0.000525500
80,0.5,list,16,0.000678800
80,0.5,matrix,16,0.001080800
80,0.5,list,17,0.000485900
80,0.5,matrix,17,0.000289300
80,0.5,list,18,0.000232700
80,0.5,matrix,18,0.000512600
80,0.5,list,19,0.000448800
80,0.5,matrix,19,0.000423200
80,0.5,list,20,0.000249600
80,0.5,matrix,20,0.000261800
100,0.01,list,1,0.000063900
100,0.01,matrix,1,0.000564700
100,0.01,list,2,0.000067400
100,0.01,matrix,2,0.000824200
100,0.01,list,3,0.000069100
100,0.01,matrix,3,0.000834000
100,0.01,list,4,0.000060200
100,0.01,matrix,4,0.000637700
100,0.01,list,5,0.000073200
100,0.01,matrix,5,0.000607700
100,0.01,list,6,0.000058700
100,0.01,matrix,6,0.000476500
100,0.01,list,7,0.000124800
100,0.01,matrix,7,0.001010900
100,0.01,list,8,0.000190800
100,0.01,matrix,8,0.000501200
100,0.01,list,9,0.000060800
100,0.01,matrix,9,0.000593000
100,0.01,list,10,0.000064000
100,0.01,matrix,10,0.000518500
100,0.01,list,11,0.000063400
100,0.01,matrix,11,0.000581700
100,0.01,list,12,0.000058700
100,0.01,matrix,12,0.000615400
100,0.01,list,13,0.000060800
100,0.01,matrix,13,0.000743000
100,0.01,list,14,0.000063200
100,0.01,matrix,14,0.000577000
100,0.01,list,15,0.000062200
100,0.01,matrix,15,0.000509100
100,0.01,list,16,0.000053500
100,0.01,matrix,16,0.000520300
100,0.01,list,17,0.000064800
100,0.01,matrix,17,0.000570000
100,0.01,list,18,0.000069800
100,0.01,matrix,18,0.000705400
100,0.01,list,19,0.000063000
100,0.01,matrix,19,0.000521500
100,0.01,list,20,0.000062000
100,0.01,matrix,20,0.000584900
100,0.05,list,1,0.000257700
100,0.05,matrix,1,0.000454600
100,0.05,list,2,0.000071100
100,0.05,matrix,2,0.000337200
100,0.05,list,3,0.000068800
100,0.05,matrix,3,0.000399100
100,0.05,list,4,0.000093000
100,0.05,matrix,4,0.000437400
100,0.05,list,5,0.000073000
100,0.05,matrix,5,0.000408200
100,0.05,list,6,0.000065100
100,0.05,matrix,6,0.000477000
100,0.05,list,7,0.000071900
100,0.05,matrix,7,0.000309700
100,0.05,list,8,0.000063500
100,0.05,matrix,8,0.000352000
100,0.05,list,9,0.000074100
100,0.05,matrix,9,0.000541200
100,0.05,list,10,0.000079700
100,0.05,matrix,10,0.000868700
100,0.05,list,11,0.000129800
100,0.05,matrix,11,0.000290900
100,0.05,list,12,0.000068000
100,0.05,matrix,12,0.000310800
100,0.05,list,13,0.000065000
100,0.05,matrix,13,0.000303700
100,0.05,list,14,0.000065000
100,0.05,matrix,14,0.000356600
100,0.05,list,15,0.000060300
100,0.05,matrix,15,0.000265600
100,0.05,list,16,0.000063300
100,0.05,matrix,16,0.000460200
100,0.05,list,17,0.000069400
100,0.05,matrix,17,0.000505500
100,0.05,list,18,0.000077700
100,0.05,matrix,18,0.000302900
100,0.05,list,19,0.000066900
100,0.05,matrix,19,0.000322200
100,0.05,list,20,0.000077100
100,0.05,matrix,20,0.000286500
100,0.1,list,1,0.000517900
100,0.1,matrix,1,0.000587500
100,0.1,list,2,0.000177200
100,0.1,matrix,2,0.000728700
100,0.1,list,3,0.000153800
100,0.1,matrix,3,0.000315300
100,0.1,list,4,0.000097200
100,0.1,matrix,4,0.000321700
100,0.1,list,5,0.000099700
100,0.1,matrix,5,0.000317300
100,0.1,list,6,0.000097800
100,0.1,matrix,6,0.000327500
100,0.1,list,7,0.000090400
100,0.1,matrix,7,0.000449100
100,0.1,list,8,0.000094800
100,0.1,matrix,8,0.000301600
100,0.1,list,9,0.000119000
100,0.1,matrix,9,0.000418800
100,0.1,list,10,0.000097100
100,0.1,matrix,10,0.000311500
100,0.1,list,11,0.000145300
100,0.1,matrix,11,0.000465000
100,0.1,list,12,0.000097900
100,0.1,matrix,12,0.000345100
100,0.1,list,13,0.000102800
100,0.1,matrix,13,0.000298500
100,0.1,list,14,0.000125800
100,0.1,matrix,14,0.000501900
100,0.1,list,15,0.000113400
100,0.1,matrix,15,0.000450200
100,0.1,list,16,0.000130100
100,0.1,matrix,16,0.000541700
100,0.1,list,17,0.000115200
100,0.1,matrix,17,0.000459600
100,0.1,list,18,0.000165100
100,0.1,matrix,18,0.000476500
100,0.1,list,19,0.000176800
100,0.1,matrix,19,0.000627500
100,0.1,list,20,0.000170400
100,0.1,matrix,20,0.000363200
100,0.2,list,1,0.000187000
100,0.2,matrix,1,0.000415500
100,0.2,list,2,0.000255700
100,0.2,matrix,2,0.000662400
100,0.2,list,3,0.000269700
100,0.2,matrix,3,0.000580900
100,0.2,list,4,0.000167500
100,0.2,matrix,4,0.000360000
100,0.2,list,5,0.000161800
100,0.2,matrix,5,0.000322700
100,0.2,list,6,0.000163100
100,0.2,matrix,6,0.000422000
100,0.2,list,7,0.000165600
100,0.2,matrix,7,0.000571100
100,0.2,list,8,0.000245800
100,0.2,matrix,8,0.000518100
100,0.2,list,9,0.000167100
100,0.2,matrix,9,0.000387400
100,0.2,list,10,0.000166100
100,0.2,matrix,10,0.000339300
100,0.2,list,11,0.000165700
100,0.2,matrix,11,0.000341200
100,0.2,list,12,0.000332400
100,0.2,matrix,12,0.000317500
100,0.2,list,13,0.000197100
100,0.2,matrix,13,0.000378700
100,0.2,list,14,0.000231900
100,0.2,matrix,14,0.000442000
100,0.2,list,15,0.000298800
100,0.2,matrix,15,0.000608100
100,0.2,list,16,0.000180100
100,0.2,matrix,16,0.000841100
100,0.2,list,17,0.000229900
100,0.2,matrix,17,0.000886000
100,0.2,list,18,0.000546000
100,0.2,matrix,18,0.000890600
100,0.2,list,19,0.000563300
100,0.2,matrix,19,0.000620100
100,0.2,list,20,0.000319400
100,0.2,matrix,20,0.000564200
100,0.5,list,1,0.000515600
100,0.5,matrix,1,0.000635200
100,0.5,list,2,0.000427100
100,0.5,matrix,2,0.000393400
100,0.5,list,3,0.000366800
100,0.5,matrix,3,0.000499000
100,0.5,list,4,0.000322200
100,0.5,matrix,4,0.000402400
100,0.5,list,5,0.000314200
100,0.5,matrix,5,0.000414200
100,0.5,list,6,0.000562000
100,0.5,matrix,6,0.000412300
100,0.5,list,7,0.001137500
100,0.5,matrix,7,0.000378500
100,0.5,list,8,0.000353500
100,0.5,matrix,8,0.000394600
100,0.5,list,9,0.000365800
100,0.5,matrix,9,0.000402900
100,0.5,list,10,0.000303100
100,0.5,matrix,10,0.000330500
100,0.5,list,11,0.000345100
100,0.5,matrix,11,0.000374800
100,0.5,list,12,0.000374600
100,0.5,matrix,12,0.000395800
100,0.5,list,13,0.000324200
100,0.5,matrix,13,0.000322000
100,0.5,list,14,0.000358900
100,0.5,matrix,14,0.000354900
100,0.5,list,15,0.000330500
100,0.5,matrix,15,0.000396200
100,0.5,list,16,0.000353000
100,0.5,matrix,16,0.000395300
100,0.5,list,17,0.000347400
100,0.5,matrix,17,0.000423800
100,0.5,list,18,0.000339500
100,0.5,matrix,18,0.000361200
100,0.5,list,19,0.000463900
100,0.5,matrix,19,0.000348300
100,0.5,list,20,0.000324500
100,0.5,matrix,20,0.000318400
120,0.01,list,1,0.000059100
120,0.01,matrix,1,0.000659200
120,0.01,list,2,0.000062900
120,0.01,matrix,2,0.000737300
120,0.01,list,3,0.000061900
120,0.01,matrix,3,0.000623300
120,0.01,list,4,0.000059400
120,0.01,matrix,4,0.000644600
120,0.01,list,5,0.000064300
120,0.01,matrix,5,0.000600400
120,0.01,list,6,0.000054200
120,0.01,matrix,6,0.000570600
120,0.01,list,7,0.000072100
120,0.01,matrix,7,0.000586300
120,0.01,list,8,0.000060700
120,0.01,matrix,8,0.000562500
120,0.01,list,9,0.000091800
120,0.01,matrix,9,0.000687700
120,0.01,list,10,0.000077400
120,0.01,matrix,10,0.000808300
120,0.01,list,11,0.000060200
120,0.01,matrix,11,0.000847300
120,0.01,list,12,0.000066900
120,0.01,matrix,12,0.000692800
120,0.01,list,13,0.000056700
120,0.01,matrix,13,0.000795000
120,0.01,list,14,0.000062300
120,0.01,matrix,14,0.000644900
120,0.01,list,15,0.000071000
120,0.01,matrix,15,0.000676200
120,0.01,list,16,0.000065000
120,0.01,matrix,16,0.000533700
120,0.01,list,17,0.000072300
120,0.01,matrix,17,0.000671400
120,0.01,list,18,0.000054400
120,0.01,matrix,18,0.000596400
120,0.01,list,19,0.000059400
120,0.01,matrix,19,0.000661800
120,0.01,list,20,0.000067900
120,0.01,matrix,20,0.000672300
120,0.05,list,1,0.000083000
120,0.05,matrix,1,0.000379900
120,0.05,list,2,0.000089100
120,0.05,matrix,2,0.000452100
120,0.05,list,3,0.000081200
120,0.05,matrix,3,0.000398900
120,0.05,list,4,0.000097800
120,0.05,matrix,4,0.000404700
120,0.05,list,5,0.000083700
120,0.05,matrix,5,0.000630300
120,0.05,list,6,0.000083800
120,0.05,matrix,6,0.000418900
120,0.05,list,7,0.000255300
120,0.05,matrix,7,0.000382000
120,0.05,list,8,0.000106400
120,0.05,matrix,8,0.000400200
120,0.05,list,9,0.000092800
120,0.05,matrix,9,0.000407800
120,0.05,list,10,0.000091200
120,0.05,matrix,10,0.000684700
120,0.05,list,11,0.000094600
120,0.05,matrix,11,0.000550100
120,0.05,list,12,0.000104700
120,0.05,matrix,12,0.000910400
120,0.05,list,13,0.000359200
120,0.05,matrix,13,0.001888500
120,0.05,list,14,0.000084800
120,0.05,matrix,14,0.000429100
120,0.05,list,15,0.000512400
120,0.05,matrix,15,0.000450400
120,0.05,list,16,0.000104500
120,0.05,matrix,16,0.000446800
120,0.05,list,17,0.000113100
120,0.05,matrix,17,0.000706400
120,0.05,list,18,0.000132600
120,0.05,matrix,18,0.000675600
120,0.05,list,19,0.000107000
120,0.05,matrix,19,0.000754300
120,0.05,list,20,0.000090300
120,0.05,matrix,20,0.000487700
120,0.1,list,1,0.000532700
120,0.1,matrix,1,0.000443900
120,0.1,list,2,0.000131100
120,0.1,matrix,2,0.000469400
120,0.1,list,3,0.000142300
120,0.1,matrix,3,0.000472900
120,0.1,list,4,0.000172400
120,0.1,matrix,4,0.000416400
120,0.1,list,5,0.000161200
120,0.1,matrix,5,0.000704100
120,0.1,list,6,0.000148300
120,0.1,matrix,6,0.000961400
120,0.1,list,7,0.000137700
120,0.1,matrix,7,0.000453600
120,0.1,list,8,0.000494000
120,0.1,matrix,8,0.000413500
120,0.1,list,9,0.000135900
120,0.1,matrix,9,0.000449300
120,0.1,list,10,0.000133300
120,0.1,matrix,10,0.000456700
120,0.1,list,11,0.000130200
120,0.1,matrix,11,0.000443100
120,0.1,list,12,0.000170300
120,0.1,matrix,12,0.000458500
120,0.1,list,13,0.000127900
120,0.1,matrix,13,0.000779400
120,0.1,list,14,0.000170500
120,0.1,matrix,14,0.000558200
120,0.1,list,15,0.000203200
120,0.1,matrix,15,0.000773100
120,0.1,list,16,0.000208700
120,0.1,matrix,16,0.000699800
120,0.1,list,17,0.000220700
120,0.1,matrix,17,0.000579100
120,0.1,list,18,0.000176700
120,0.1,matrix,18,0.001642000
120,0.1,list,19,0.000260600
120,0.1,matrix,19,0.001044100
120,0.1,list,20,0.000351700
120,0.1,matrix,20,0.000628800
120,0.2,list,1,0.000272600
120,0.2,matrix,1,0.000652200
120,0.2,list,2,0.000346600
120,0.2,matrix,2,0.001212600
120,0.2,list,3,0.000271600
120,0.2,matrix,3,0.000485000
120,0.2,list,4,0.000274100
120,0.2,matrix,4,0.000810500
120,0.2,list,5,0.000455900
120,0.2,matrix,5,0.000617400
120,0.2,list,6,0.000328600
120,0.2,matrix,6,0.000470400
120,0.2,list,7,0.000327600
120,0.2,matrix,7,0.000631200
120,0.2,list,8,0.000218200
120,0.2,matrix,8,0.000476500
120,0.2,list,9,0.000228900
120,0.2,matrix,9,0.000747100
120,0.2,list,10,0.000332700
120,0.2,matrix,10,0.001008200
120,0.2,list,11,0.000412100
120,0.2,matrix,11,0.000768000
120,0.2,list,12,0.000408800
120,0.2,matrix,12,0.000603900
120,0.2,list,13,0.000225800
120,0.2,matrix,13,0.000463400
120,0.2,list,14,0.000224400
120,0.2,matrix,14,0.000718600
120,0.2,list,15,0.000337100
120,0.2,matrix,15,0.000735900
120,0.2,list,16,0.000216700
120,0.2,matrix,16,0.000439300
120,0.2,list,17,0.000226900
120,0.2,matrix,17,0.000473800
120,0.2,list,18,0.000278100
120,0.2,matrix,18,0.000566000
120,0.2,list,19,0.000221800
120,0.2,matrix,19,0.000426700
120,0.2,list,20,0.000221800
120,0.2,matrix,20,0.000516800
120,0.5,list,1,0.000446900
120,0.5,matrix,1,0.000515800
120,0.5,list,2,0.000438600
120,0.5,matrix,2,0.000529900
120,0.5,list,3,0.000433100
120,0.5,matrix,3,0.000498100
120,0.5,list,4,0.000477300
120,0.5,matrix,4,0.000569000
120,0.5,list,5,0.000610100
120,0.5,matrix,5,0.000593300
120,0.5,list,6,0.000529600
120,0.5,matrix,6,0.000525000
120,0.5,list,7,0.000500700
120,0.5,matrix,7,0.000535500
120,0.5,list,8,0.000504400
120,0.5,matrix,8,0.000565100
120,0.5,list,9,0.000710800
120,0.5,matrix,9,0.000560300
120,0.5,list,10,0.000642100
120,0.5,matrix,10,0.000672200
120,0.5,list,11,0.000457600
120,0.5,matrix,11,0.000488700
120,0.5,list,12,0.000445900
120,0.5,matrix,12,0.000546300
120,0.5,list,13,0.000490600
120,0.5,matrix,13,0.000479100
120,0.5,list,14,0.000494400
120,0.5,matrix,14,0.000579400
120,0.5,list,15,0.000507300
120,0.5,matrix,15,0.000515800
120,0.5,list,16,0.000518400
120,0.5,matrix,16,0.000523300
120,0.5,list,17,0.000550300
120,0.5,matrix,17,0.000493300
120,0.5,list,18,0.000432800
120,0.5,matrix,18,0.000462500
120,0.5,list,19,0.000436900
120,0.5,matrix,19,0.000509100
120,0.5,list,20,0.000527200
120,0.5,matrix,20,0.000458700
140,0.01,list,1,0.000065400
140,0.01,matrix,1,0.000861300
140,0.01,list,2,0.000052300
140,0.01,matrix,2,0.000659600
140,0.01,list,3,0.000065600
140,0.01,matrix,3,0.000683100
140,0.01,list,4,0.000072900
140,0.01,matrix,4,0.000877500
140,0.01,list,5,0.000071100
140,0.01,matrix,5,0.000983700
140,0.01,list,6,0.000099500
140,0.01,matrix,6,0.000792500
140,0.01,list,7,0.000070100
140,0.01,matrix,7,0.001699400
140,0.01,list,8,0.000076000
140,0.01,matrix,8,0.000689700
140,0.01,list,9,0.000084700
140,0.01,matrix,9,0.000846200
140,0.01,list,10,0.000059000
140,0.01,matrix,10,0.000971500
140,0.01,list,11,0.000085000
140,0.01,matrix,11,0.000878900
140,0.01,list,12,0.000068200
140,0.01,matrix,12,0.000727200
140,0.01,list,13,0.000065000
140,0.01,matrix,13,0.000757300
140,0.01,list,14,0.000079800
140,0.01,matrix,14,0.000664200
140,0.01,list,15,0.000066600
140,0.01,matrix,15,0.001064500
140,0.01,list,16,0.000069300
140,0.01,matrix,16,0.000954300
140,0.01,list,17,0.000082400
140,0.01,matrix,17,0.000919800
140,0.01,list,18,0.000070700
140,0.01,matrix,18,0.000831800
140,0.01,list,19,0.000070400
140,0.01,matrix,19,0.000821600
140,0.01,list,20,0.000076500
140,0.01,matrix,20,0.000926500
140,0.05,list,1,0.000102500
140,0.05,matrix,1,0.000585100
140,0.05,list,2,0.000105000
140,0.05,matrix,2,0.000536100
140,0.05,list,3,0.000102500
140,0.05,matrix,3,0.000564900
140,0.05,list,4,0.000103000
140,0.05,matrix,4,0.000562700
140,0.05,list,5,0.000092800
140,0.05,matrix,5,0.000824400
140,0.05,list,6,0.000105900
140,0.05,matrix,6,0.000529900
140,0.05,list,7,0.000113400
140,0.05,matrix,7,0.000595300
140,0.05,list,8,0.000103800
140,0.05,matrix,8,0.000587800
140,0.05,list,9,0.000100700
140,0.05,matrix,9,0.000542000
140,0.05,list,10,0.000103000
140,0.05,matrix,10,0.000565500
140,0.05,list,11,0.000101800
140,0.05,matrix,11,0.000603100
140,0.05,list,12,0.000104100
140,0.05,matrix,12,0.000593300
140,0.05,list,13,0.000285300
140,0.05,matrix,13,0.000641400
140,0.05,list,14,0.000102200
140,0.05,matrix,14,0.000622000
140,0.05,list,15,0.000104900
140,0.05,matrix,15,0.000650800
140,0.05,list,16,0.000105300
140,0.05,matrix,16,0.000590800
140,0.05,list,17,0.000110500
140,0.05,matrix,17,0.000565800
140,0.05,list,18,0.000103400
140,0.05,matrix,18,0.000655700
140,0.05,list,19,0.000108300
140,0.05,matrix,19,0.000577400
140,0.05,list,20,0.000104700
140,0.05,matrix,20,0.000565500
140,0.1,list,1,0.000169000
140,0.1,matrix,1,0.000597900
140,0.1,list,2,0.000163900
140,0.1,matrix,2,0.000614500
140,0.1,list,3,0.000172400
140,0.1,matrix,3,0.001474900
140,0.1,list,4,0.000167600
140,0.1,matrix,4,0.001055900
140,0.1,list,5,0.000546900
140,0.1,matrix,5,0.000640600
140,0.1,list,6,0.000174400
140,0.1,matrix,6,0.000542100
140,0.1,list,7,0.000161800
140,0.1,matrix,7,0.000552100
140,0.1,list,8,0.000165800
140,0.1,matrix,8,0.000596600
140,0.1,list,9,0.000175100
140,0.1,matrix,9,0.000682500
140,0.1,list,10,0.000161900
140,0.1,matrix,10,0.000574600
140,0.1,list,11,0.000200800
140,0.1,matrix,11,0.000542400
140,0.1,list,12,0.000166500
140,0.1,matrix,12,0.000571600
140,0.1,list,13,0.000172300
140,0.1,matrix,13,0.000584700
140,0.1,list,14,0.000167300
140,0.1,matrix,14,0.000596700
140,0.1,list,15,0.000170100
140,0.1,matrix,15,0.000570600
140,0.1,list,16,0.000169800
140,0.1,matrix,16,0.000572100
140,0.1,list,17,0.000167400
140,0.1,matrix,17,0.000550800
140,0.1,list,18,0.000164900
140,0.1,matrix,18,0.000593300
140,0.1,list,19,0.000173700
140,0.1,matrix,19,0.000780200
140,0.1,list,20,0.000166000
140,0.1,matrix,20,0.000595400
140,0.2,list,1,0.000292100
140,0.2,matrix,1,0.000739700
140,0.2,list,2,0.000295700
140,0.2,matrix,2,0.000712400
140,0.2,list,3,0.000298700
140,0.2,matrix,3,0.000631000
140,0.2,list,4,0.000312200
140,0.2,matrix,4,0.000630900
140,0.2,list,5,0.000298900
140,0.2,matrix,5,0.000753400
140,0.2,list,6,0.000295400
140,0.2,matrix,6,0.000583000
140,0.2,list,7,0.000304100
140,0.2,matrix,7,0.001155000
140,0.2,list,8,0.000296600
140,0.2,matrix,8,0.000643000
140,0.2,list,9,0.000290200
140,0.2,matrix,9,0.000650800
140,0.2,list,10,0.000391200
140,0.2,matrix,10,0.000694100
140,0.2,list,11,0.000282300
140,0.2,matrix,11,0.000640100
140,0.2,list,12,0.000292100
140,0.2,matrix,12,0.000593900
140,0.2,list,13,0.000297500
140,0.2,matrix,13,0.000643300
140,0.2,list,14,0.000294900
140,0.2,matrix,14,0.000651100
140,0.2,list,15,0.000301500
140,0.2,matrix,15,0.001985300
140,0.2,list,16,0.000294900
140,0.2,matrix,16,0.000642900
140,0.2,list,17,0.000295600
140,0.2,matrix,17,0.000630300
140,0.2,list,18,0.000482200
140,0.2,matrix,18,0.000590500
140,0.2,list,19,0.000350200
140,0.2,matrix,19,0.000641200
140,0.2,list,20,0.000354600
140,0.2,matrix,20,0.001468000
140,0.5,list,1,0.001003100
140,0.5,matrix,1,0.000743900
140,0.5,list,2,0.001189100
140,0.5,matrix,2,0.000706400
140,0.5,list,3,0.000688700
140,0.5,matrix,3,0.000752200
140,0.5,list,4,0.002207800
140,0.5,matrix,4,0.000800900
140,0.5,list,5,0.000762200
140,0.5,matrix,5,0.000759600
140,0.5,list,6,0.000682500
140,0.5,matrix,6,0.000758500
140,0.5,list,7,0.000674600
140,0.5,matrix,7,0.000735600
140,0.5,list,8,0.000685700
140,0.5,matrix,8,0.000748100
140,0.5,list,9,0.000692100
140,0.5,matrix,9,0.000757300
140,0.5,list,10,0.000723100
140,0.5,matrix,10,0.000973700
140,0.5,list,11,0.000649500
140,0.5,matrix,11,0.000844800
140,0.5,list,12,0.000856100
140,0.5,matrix,12,0.000863000
140,0.5,list,13,0.000666600
140,0.5,matrix,13,0.000711800
140,0.5,list,14,0.000777400
140,0.5,matrix,14,0.000745800
140,0.5,list,15,0.000762400
140,0.5,matrix,15,0.000735800
140,0.5,list,16,0.000665200
140,0.5,matrix,16,0.000880500
140,0.5,list,17,0.000793600
140,0.5,matrix,17,0.000788800
140,0.5,list,18,0.000725100
140,0.5,matrix,18,0.000765700
140,0.5,list,19,0.000690900
140,0.5,matrix,19,0.000750500
140,0.5,list,20,0.000688600
140,0.5,matrix,20,0.000701700
160,0.01,list,1,0.000070500
160,0.01,matrix,1,0.000965300
160,0.01,list,2,0.000243100
160,0.01,matrix,2,0.001020100
160,0.01,list,3,0.000071300
160,0.01,matrix,3,0.001312300
160,0.01,list,4,0.000076900
160,0.01,matrix,4,0.000921500
160,0.01,list,5,0.000070600
160,0.01,matrix,5,0.000930000
160,0.01,list,6,0.000070000
160,0.01,matrix,6,0.000953300
160,0.01,list,7,0.000067600
160,0.01,matrix,7,0.000929200
160,0.01,list,8,0.000074000
160,0.01,matrix,8,0.000952900
160,0.01,list,9,0.000074900
160,0.01,matrix,9,0.000984700
160,0.01,list,10,0.000081100
160,0.01,matrix,10,0.001184500
160,0.01,list,11,0.000071800
160,0.01,matrix,11,0.000969000
160,0.01,list,12,0.000077700
160,0.01,matrix,12,0.001024800
160,0.01,list,13,0.000072400
160,0.01,matrix,13,0.000981000
160,0.01,list,14,0.000071200
160,0.01,matrix,14,0.000988700
160,0.01,list,15,0.000071300
160,0.01,matrix,15,0.001149100
160,0.01,list,16,0.000147900
160,0.01,matrix,16,0.000948400
160,0.01,list,17,0.000066700
160,0.01,matrix,17,0.001213600
160,0.01,list,18,0.000071600
160,0.01,matrix,18,0.000995200
160,0.01,list,19,0.000072800
160,0.01,matrix,19,0.000921800
160,0.01,list,20,0.000069000
160,0.01,matrix,20,0.000894700
160,0.05,list,1,0.000120300
160,0.05,matrix,1,0.000751700
160,0.05,list,2,0.000124200
160,0.05,matrix,2,0.000703300
160,0.05,list,3,0.000127800
160,0.05,matrix,3,0.000919800
160,0.05,list,4,0.000123200
160,0.05,matrix,4,0.000731900
160,0.05,list,5,0.000122900
160,0.05,matrix,5,0.000733600
160,0.05,list,6,0.000122500
160,0.05,matrix,6,0.000910600
160,0.05,list,7,0.000120500
160,0.05,matrix,7,0.000795800
160,0.05,list,8,0.000128000
160,0.05,matrix,8,0.000941100
160,0.05,list,9,0.000124700
160,0.05,matrix,9,0.000714000
160,0.05,list,10,0.000120600
160,0.05,matrix,10,0.000660700
160,0.05,list,11,0.000126500
160,0.05,matrix,11,0.001033000
160,0.05,list,12,0.000123500
160,0.05,matrix,12,0.000745300
160,0.05,list,13,0.000128400
160,0.05,matrix,13,0.000745700
160,0.05,list,14,0.000125200
160,0.05,matrix,14,0.000757100
160,0.05,list,15,0.000124500
160,0.05,matrix,15,0.000940100
160,0.05,list,16,0.000121500
160,0.05,matrix,16,0.000800100
160,0.05,list,17,0.000124100
160,0.05,matrix,17,0.001699900
160,0.05,list,18,0.000124500
160,0.05,matrix,18,0.000773200
160,0.05,list,19,0.000131700
160,0.05,matrix,19,0.000747200
160,0.05,list,20,0.000133000
160,0.05,matrix,20,0.000664400
160,0.1,list,1,0.000376800
160,0.1,matrix,1,0.000799400
160,0.1,list,2,0.000206600
160,0.1,matrix,2,0.000786900
160,0.1,list,3,0.000207900
160,0.1,matrix,3,0.000768000
160,0.1,list,4,0.000204400
160,0.1,matrix,4,0.000788900
160,0.1,list,5,0.000201900
160,0.1,matrix,5,0.000810900
160,0.1,list,6,0.000209300
160,0.1,matrix,6,0.000855400
160,0.1,list,7,0.000213800
160,0.1,matrix,7,0.000790100
160,0.1,list,8,0.000213200
160,0.1,matrix,8,0.000765200
160,0.1,list,9,0.000216100
160,0.1,matrix,9,0.000774500
160,0.1,list,10,0.000224900
160,0.1,matrix,10,0.000697600
160,0.1,list,11,0.000211500
160,0.1,matrix,11,0.000743600
160,0.1,list,12,0.000185300
160,0.1,matrix,12,0.000697800
160,0.1,list,13,0.000185400
160,0.1,matrix,13,0.000763700
160,0.1,list,14,0.000207800
160,0.1,matrix,14,0.000645500
160,0.1,list,15,0.000209700
160,0.1,matrix,15,0.000829000
160,0.1,list,16,0.000183200
160,0.1,matrix,16,0.000730600
160,0.1,list,17,0.000215700
160,0.1,matrix,17,0.000710400
160,0.1,list,18,0.000208500
160,0.1,matrix,18,0.000707100
160,0.1,list,19,0.000209200
160,0.1,matrix,19,0.001020400
160,0.1,list,20,0.000205700
160,0.1,matrix,20,0.000783500
160,0.2,list,1,0.000375600
160,0.2,matrix,1,0.000864600
160,0.2,list,2,0.000374100
160,0.2,matrix,2,0.000824700
160,0.2,list,3,0.000430000
160,0.2,matrix,3,0.000833300
160,0.2,list,4,0.000384500
160,0.2,matrix,4,0.000795600
160,0.2,list,5,0.000380100
160,0.2,matrix,5,0.000964700
160,0.2,list,6,0.000375700
160,0.2,matrix,6,0.000757900
160,0.2,list,7,0.000421800
160,0.2,matrix,7,0.000822100
160,0.2,list,8,0.000388200
160,0.2,matrix,8,0.000814000
160,0.2,list,9,0.000370600
160,0.2,matrix,9,0.001327200
160,0.2,list,10,0.000424400
160,0.2,matrix,10,0.000757300
160,0.2,list,11,0.000367200
160,0.2,matrix,11,0.000823700
160,0.2,list,12,0.000380200
160,0.2,matrix,12,0.000836900
160,0.2,list,13,0.000390700
160,0.2,matrix,13,0.000729600
160,0.2,list,14,0.000384800
160,0.2,matrix,14,0.000923100
160,0.2,list,15,0.000386600
160,0.2,matrix,15,0.000840200
160,0.2,list,16,0.000418700
160,0.2,matrix,16,0.000831600
160,0.2,list,17,0.000360400
160,0.2,matrix,17,0.000828900
160,0.2,list,18,0.000457100
160,0.2,matrix,18,0.000849700
160,0.2,list,19,0.000417200
160,0.2,matrix,19,0.000783800
160,0.2,list,20,0.000365700
160,0.2,matrix,20,0.000918700
160,0.5,list,1,0.001330200
160,0.5,matrix,1,0.000989500
160,0.5,list,2,0.000898000
160,0.5,matrix,2,0.001001700
160,0.5,list,3,0.000896800
160,0.5,matrix,3,0.001255500
160,0.5,list,4,0.000905700
160,0.5,matrix,4,0.000991100
160,0.5,list,5,0.000951600
160,0.5,matrix,5,0.001350800
160,0.5,list,6,0.000861600
160,0.5,matrix,6,0.001005500
160,0.5,list,7,0.000895700
160,0.5,matrix,7,0.000995500
160,0.5,list,8,0.000910200
160,0.5,matrix,8,0.001178000
160,0.5,list,9,0.000919500
160,0.5,matrix,9,0.001069000
160,0.5,list,10,0.000847800
160,0.5,matrix,10,0.000978600
160,0.5,list,11,0.000993300
160,0.5,matrix,11,0.001007500
160,0.5,list,12,0.000876100
160,0.5,matrix,12,0.000969800
160,0.5,list,13,0.000903700
160,0.5,matrix,13,0.001008100
160,0.5,list,14,0.000914500
160,0.5,matrix,14,0.001173200
160,0.5,list,15,0.001002500
160,0.5,matrix,15,0.001006400
160,0.5,list,16,0.000882800
160,0.5,matrix,16,0.001011200
160,0.5,list,17,0.000873700
160,0.5,matrix,17,0.000905000
160,0.5,list,18,0.000897700
160,0.5,matrix,18,0.001010300
160,0.5,list,19,0.000904300
160,0.5,matrix,19,0.000931800
160,0.5,list,20,0.000850800
160,0.5,matrix,20,0.000980400
180,0.01,list,1,0.000158500
180,0.01,matrix,1,0.001104900
180,0.01,list,2,0.000078300
180,0.01,matrix,2,0.001643200
180,0.01,list,3,0.000098400
180,0.01,matrix,3,0.001163100
180,0.01,list,4,0.000082900
180,0.01,matrix,4,0.001127100
180,0.01,list,5,0.000083000
180,0.01,matrix,5,0.001070000
180,0.01,list,6,0.000080800
180,0.01,matrix,6,0.001139900
180,0.01,list,7,0.000083900
180,0.01,matrix,7,0.001164600
180,0.01,list,8,0.000084800
180,0.01,matrix,8,0.001410600
180,0.01,list,9,0.000080300
180,0.01,matrix,9,0.001090600
180,0.01,list,10,0.000076400
180,0.01,matrix,10,0.001163600
180,0.01,list,11,0.000084900
180,0.01,matrix,11,0.001504200
180,0.01,list,12,0.000080400
180,0.01,matrix,12,0.001190900
180,0.01,list,13,0.000080200
180,0.01,matrix,13,0.001208500
180,0.01,list,14,0.000080600
180,0.01,matrix,14,0.001111700
180,0.01,list,15,0.000081800
180,0.01,matrix,15,0.001339800
180,0.01,list,16,0.000125100
180,0.01,matrix,16,0.001029200
180,0.01,list,17,0.000084300
180,0.01,matrix,17,0.001213000
180,0.01,list,18,0.000078800
180,0.01,matrix,18,0.001650000
180,0.01,list,19,0.000084100
180,0.01,matrix,19,0.001206600
180,0.01,list,20,0.000081700
180,0.01,matrix,20,0.001317600
180,0.05,list,1,0.000154700
180,0.05,matrix,1,0.000923300
180,0.05,list,2,0.000152700
180,0.05,matrix,2,0.000929200
180,0.05,list,3,0.000163500
180,0.05,matrix,3,0.000972000
180,0.05,list,4,0.000151200
180,0.05,matrix,4,0.000975300
180,0.05,list,5,0.000156500
180,0.05,matrix,5,0.001042200
180,0.05,list,6,0.000149700
180,0.05,matrix,6,0.000913000
180,0.05,list,7,0.000163600
180,0.05,matrix,7,0.001136500
180,0.05,list,8,0.000433500
180,0.05,matrix,8,0.000860400
180,0.05,list,9,0.000153400
180,0.05,matrix,9,0.000929300
180,0.05,list,10,0.000138400
180,0.05,matrix,10,0.000934300
180,0.05,list,11,0.000152600
180,0.05,matrix,11,0.000977400
180,0.05,list,12,0.000153500
180,0.05,matrix,12,0.000927700
180,0.05,list,13,0.000165100
180,0.05,matrix,13,0.000962200
180,0.05,list,14,0.000151300
180,0.05,matrix,14,0.001009800
180,0.05,list,15,0.000155700
180,0.05,matrix,15,0.000828900
180,0.05,list,16,0.000150800
180,0.05,matrix,16,0.000964300
180,0.05,list,17,0.000152800
180,0.05,matrix,17,0.000946900
180,0.05,list,18,0.000152900
180,0.05,matrix,18,0.000970400
180,0.05,list,19,0.000157700
180,0.05,matrix,19,0.001031100
180,0.05,list,20,0.000152000
180,0.05,matrix,20,0.000918300
180,0.1,list,1,0.000251600
180,0.1,matrix,1,0.000989000
180,0.1,list,2,0.000268300
180,0.1,matrix,2,0.000995400
180,0.1,list,3,0.000253700
180,0.1,matrix,3,0.001000000
180,0.1,list,4,0.000267600
180,0.1,matrix,4,0.001407100
180,0.1,list,5,0.000259000
180,0.1,matrix,5,0.000979300
180,0.1,list,6,0.000255200
180,0.1,matrix,6,0.000922300
180,0.1,list,7,0.000287800
180,0.1,matrix,7,0.000966100
180,0.1,list,8,0.000264800
180,0.1,matrix,8,0.001011300
180,0.1,list,9,0.000262000
180,0.1,matrix,9,0.000976300
180,0.1,list,10,0.000260200
180,0.1,matrix,10,0.000989100
180,0.1,list,11,0.000432400
180,0.1,matrix,11,0.000969800
180,0.1,list,12,0.000263900
180,0.1,matrix,12,0.000912600
180,0.1,list,13,0.000224100
180,0.1,matrix,13,0.000910000
180,0.1,list,14,0.000262800
180,0.1,matrix,14,0.001134100
180,0.1,list,15,0.000269000
180,0.1,matrix,15,0.000984000
180,0.1,list,16,0.000257400
180,0.1,matrix,16,0.001058200
180,0.1,list,17,0.000277100
180,0.1,matrix,17,0.000891200
180,0.1,list,18,0.000252300
180,0.1,matrix,18,0.000983900
180,0.1,list,19,0.000255300
180,0.1,matrix,19,0.000969700
180,0.1,list,20,0.000266400
180,0.1,matrix,20,0.000992200
180,0.2,list,1,0.000448400
180,0.2,matrix,1,0.001055800
180,0.2,list,2,0.000544100
180,0.2,matrix,2,0.000945800
180,0.2,list,3,0.000469700
180,0.2,matrix,3,0.000959100
180,0.2,list,4,0.000479900
180,0.2,matrix,4,0.000980100
180,0.2,list,5,0.000489200
180,0.2,matrix,5,0.001065800
180,0.2,list,6,0.000519900
180,0.2,matrix,6,0.001122500
180,0.2,list,7,0.000496300
180,0.2,matrix,7,0.001405100
180,0.2,list,8,0.000481100
180,0.2,matrix,8,0.001482100
180,0.2,list,9,0.000482300
180,0.2,matrix,9,0.001030600
180,0.2,list,10,0.000482300
180,0.2,matrix,10,0.001049000
180,0.2,list,11,0.000640000
180,0.2,matrix,11,0.001046500
180,0.2,list,12,0.000506100
180,0.2,matrix,12,0.001035800
180,0.2,list,13,0.000458200
180,0.2,matrix,13,0.001228700
180,0.2,list,14,0.000463200
180,0.2,matrix,14,0.001018200
180,0.2,list,15,0.000463100
180,0.2,matrix,15,0.001018700
180,0.2,list,16,0.000479500
180,0.2,matrix,16,0.001624900
180,0.2,list,17,0.000596200
180,0.2,matrix,17,0.001051300
180,0.2,list,18,0.000599100
180,0.2,matrix,18,0.000830700
180,0.2,list,19,0.000580300
180,0.2,matrix,19,0.001285400
180,0.2,list,20,0.000503700
180,0.2,matrix,20,0.001364300
180,0.5,list,1,0.001087600
180,0.5,matrix,1,0.001248900
180,0.5,list,2,0.001130500
180,0.5,matrix,2,0.001253100
180,0.5,list,3,0.001155600
180,0.5,matrix,3,0.001460300
180,0.5,list,4,0.001367000
180,0.5,matrix,4,0.001197600
180,0.5,list,5,0.001249000
180,0.5,matrix,5,0.001292300
180,0.5,list,6,0.001114800
180,0.5,matrix,6,0.001370800
180,0.5,list,7,0.001226500
180,0.5,matrix,7,0.001425900
180,0.5,list,8,0.001227100
180,0.5,matrix,8,0.001402000
180,0.5,list,9,0.001097700
180,0.5,matrix,9,0.001258100
180,0.5,list,10,0.001123100
180,0.5,matrix,10,0.001260200
180,0.5,list,11,0.002011000
180,0.5,matrix,11,0.001257500
180,0.5,list,12,0.001377900
180,0.5,matrix,12,0.001390200
180,0.5,list,13,0.001554800
180,0.5,matrix,13,0.001218100
180,0.5,list,14,0.001152600
180,0.5,matrix,14,0.001238000
180,0.5,list,15,0.001218400
180,0.5,matrix,15,0.001410300
180,0.5,list,16,0.001080900
180,0.5,matrix,16,0.001255100
180,0.5,list,17,0.001028900
180,0.5,matrix,17,0.001475400
180,0.5,list,18,0.001113500
180,0.5,matrix,18,0.001168300
180,0.5,list,19,0.001042500
180,0.5,matrix,19,0.001143300
180,0.5,list,20,0.001032400
180,0.5,matrix,20,0.001294400
200,0.01,list,1,0.000112700
200,0.01,matrix,1,0.001553000
200,0.01,list,2,0.000087300
200,0.01,matrix,2,0.001697900
200,0.01,list,3,0.000093400
200,0.01,matrix,3,0.001488100
200,0.01,list,4,0.000086300
200,0.01,matrix,4,0.001431400
200,0.01,list,5,0.000090800
200,0.01,matrix,5,0.001438300
200,0.01,list,6,0.000084000
200,0.01,matrix,6,0.001246700
200,0.01,list,7,0.000094200
200,0.01,matrix,7,0.001367300
200,0.01,list,8,0.000081600
200,0.01,matrix,8,0.001263300
200,0.01,list,9,0.000111500
200,0.01,matrix,9,0.001566000
200,0.01,list,10,0.000088300
200,0.01,matrix,10,0.001301200
200,0.01,list,11,0.000186800
200,0.01,matrix,11,0.001358000
200,0.01,list,12,0.000090800
200,0.01,matrix,12,0.005329400
200,0.01,list,13,0.000101400
200,0.01,matrix,13,0.001351800
200,0.01,list,14,0.000086600
200,0.01,matrix,14,0.001488700
200,0.01,list,15,0.000080600
200,0.01,matrix,15,0.001374100
200,0.01,list,16,0.000093200
200,0.01,matrix,16,0.001526000
200,0.01,list,17,0.000087100
200,0.01,matrix,17,0.001607200
200,0.01,list,18,0.000079600
200,0.01,matrix,18,0.001239700
200,0.01,list,19,0.000086700
200,0.01,matrix,19,0.001373000
200,0.01,list,20,0.000085800
200,0.01,matrix,20,0.001471500
200,0.05,list,1,0.000176600
200,0.05,matrix,1,0.001167800
200,0.05,list,2,0.000182400
200,0.05,matrix,2,0.001369900
200,0.05,list,3,0.000179900
200,0.05,matrix,3,0.001190600
200,0.05,list,4,0.000369600
200,0.05,matrix,4,0.001143900
200,0.05,list,5,0.000189300
200,0.05,matrix,5,0.001080000
200,0.05,list,6,0.000200000
200,0.05,matrix,6,0.001144100
200,0.05,list,7,0.000250100
200,0.05,matrix,7,0.001110100
200,0.05,list,8,0.000184100
200,0.05,matrix,8,0.001184200
200,0.05,list,9,0.000184600
200,0.05,matrix,9,0.001192800
200,0.05,list,10,0.000185100
200,0.05,matrix,10,0.001187400
200,0.05,list,11,0.000175700
200,0.05,matrix,11,0.001298700
200,0.05,list,12,0.000186800
200,0.05,matrix,12,0.001223700
200,0.05,list,13,0.000176200
200,0.05,matrix,13,0.001071800
200,0.05,list,14,0.000182300
200,0.05,matrix,14,0.001106800
200,0.05,list,15,0.000180400
200,0.05,matrix,15,0.001350100
200,0.05,list,16,0.000195400
200,0.05,matrix,16,0.001196500
200,0.05,list,17,0.000180500
200,0.05,matrix,17,0.001144800
200,0.05,list,18,0.000187900
200,0.05,matrix,18,0.001125200
200,0.05,list,19,0.000311800
200,0.05,matrix,19,0.001186300
200,0.05,list,20,0.000178200
200,0.05,matrix,20,0.001116600
200,0.1,list,1,0.000321500
200,0.1,matrix,1,0.001225700
200,0.1,list,2,0.000310000
200,0.1,matrix,2,0.001114000
200,0.1,list,3,0.000314700
200,0.1,matrix,3,0.001251200
200,0.1,list,4,0.000363600
200,0.1,matrix,4,0.002259000
200,0.1,list,5,0.000313800
200,0.1,matrix,5,0.001128700
200,0.1,list,6,0.000313400
200,0.1,matrix,6,0.001199400
200,0.1,list,7,0.000314900
200,0.1,matrix,7,0.001424500
200,0.1,list,8,0.000329700
200,0.1,matrix,8,0.001296100
200,0.1,list,9,0.000320000
200,0.1,matrix,9,0.001171500
200,0.1,list,10,0.000310200
200,0.1,matrix,10,0.001258300
200,0.1,list,11,0.000684100
200,0.1,matrix,11,0.001415000
200,0.1,list,12,0.000319500
200,0.1,matrix,12,0.001389400
200,0.1,list,13,0.000333900
200,0.1,matrix,13,0.001390000
200,0.1,list,14,0.000326000
200,0.1,matrix,14,0.001092100
200,0.1,list,15,0.000392400
200,0.1,matrix,15,0.001177400
200,0.1,list,16,0.000379700
200,0.1,matrix,16,0.001223400
200,0.1,list,17,0.000310700
200,0.1,matrix,17,0.001364900
200,0.1,list,18,0.000316500
200,0.1,matrix,18,0.001273400
200,0.1,list,19,0.000314400
200,0.1,matrix,19,0.001563400
200,0.1,list,20,0.000334800
200,0.1,matrix,20,0.001311500
200,0.2,list,1,0.000568300
200,0.2,matrix,1,0.001284100
200,0.2,list,2,0.000563600
200,0.2,matrix,2,0.001256800
200,0.2,list,3,0.000593400
200,0.2,matrix,3,0.001286300
200,0.2,list,4,0.000650400
200,0.2,matrix,4,0.003965000
200,0.2,list,5,0.000610900
200,0.2,matrix,5,0.001322400
200,0.2,list,6,0.000632600
200,0.2,matrix,6,0.001308700
200,0.2,list,7,0.000571300
200,0.2,matrix,7,0.001317700
200,0.2,list,8,0.000583100
200,0.2,matrix,8,0.001489900
200,0.2,list,9,0.000618200
200,0.2,matrix,9,0.001311000
200,0.2,list,10,0.000569500
200,0.2,matrix,10,0.001303200
200,0.2,list,11,0.000580500
200,0.2,matrix,11,0.001309900
200,0.2,list,12,0.000564700
200,0.2,matrix,12,0.001290100
200,0.2,list,13,0.000568100
200,0.2,matrix,13,0.001382100
200,0.2,list,14,0.000574300
200,0.2,matrix,14,0.001279500
200,0.2,list,15,0.000579400
200,0.2,matrix,15,0.001298200
200,0.2,list,16,0.000792100
200,0.2,matrix,16,0.001216100
200,0.2,list,17,0.000588200
200,0.2,matrix,17,0.001441200
200,0.2,list,18,0.000564100
200,0.2,matrix,18,0.001190000
200,0.2,list,19,0.000542100
200,0.2,matrix,19,0.001946200
200,0.2,list,20,0.000565900
200,0.2,matrix,20,0.001225100
200,0.5,list,1,0.001495900
200,0.5,matrix,1,0.001562800
200,0.5,list,2,0.001255100
200,0.5,matrix,2,0.001630300
200,0.5,list,3,0.001289900
200,0.5,matrix,3,0.001944300
200,0.5,list,4,0.001540500
200,0.5,matrix,4,0.002150600
200,0.5,list,5,0.001409500
200,0.5,matrix,5,0.002551700
200,0.5,list,6,0.001223400
200,0.5,matrix,6,0.003052800
200,0.5,list,7,0.001423900
200,0.5,matrix,7,0.001676000
200,0.5,list,8,0.002209900
200,0.5,matrix,8,0.001673800
200,0.5,list,9,0.001394600
200,0.5,matrix,9,0.001549200
200,0.5,list,10,0.001401900
200,0.5,matrix,10,0.001642100
200,0.5,list,11,0.001322000
200,0.5,matrix,11,0.001568900
200,0.5,list,12,0.001337700
200,0.5,matrix,12,0.002144700
200,0.5,list,13,0.001748100
200,0.5,matrix,13,0.001541900
200,0.5,list,14,0.001865300
200,0.5,matrix,14,0.001644800
200,0.5,list,15,0.001351100
200,0.5,matrix,15,0.002268400
200,0.5,list,16,0.001289300
200,0.5,matrix,16,0.001424300
200,0.5,list,17,0.001454400
200,0.5,matrix,17,0.001667000
200,0.5,list,18,0.001506600
200,0.5,matrix,18,0.001789800
200,0.5,list,19,0.001455500
200,0.5,matrix,19,0.001839600
200,0.5,list,20,0.001372600
200,0.5,matrix,20,0.001558800
